name,address,access,detail,caution
譛域ｱ溷ｯｺ,螻ｱ譴ｨ逵悟ｯ悟｣ｫ蜷臥伐蟶ゆｸ句翠逕ｰ3-6-26,蟇悟｣ｫ諤･陦檎ｷ壹梧怦豎溷ｯｺ鬧・阪°繧牙ｾ呈ｭｩ5蛻・縲梧怦豎溷ｯｺ螟ｧ髢蝠・ｺ苓｡励阪・荳ｭ蠢・↓縺ゅｋ閾ｨ貂亥ｮ励・蜿､蛻ｹ縲よｱ縺ｮ縺ゅｋ蠎ｭ蝨偵′鄒弱＠縺上∵亊蜥後Ξ繝医Ο縺ｪ陦嶺ｸｦ縺ｿ縺ｨ蜈ｱ縺ｫ譏逕ｻ縺ｮ繝ｭ繧ｱ蝨ｰ縺ｨ縺励※繧よ怏蜷阪・蝠・ｺ苓｡励・荳ｭ縺ｫ縺ゅｋ縺溘ａ縲∝捉霎ｺ縺ｮ謨｣遲匁凾縺ｯ逕滓ｴｻ驕楢ｷｯ縺ｧ縺ｮ繝槭リ繝ｼ繧貞ｮ医ｋ縺薙→縲・,,
螟ｧ蜈牙ｯｺ,螻ｱ譴ｨ逵悟ｯ悟｣ｫ蜷臥伐蟶ゆｸ雁翠逕ｰ1-1-6,蟇悟｣ｫ諤･陦檎ｷ壹悟ｯ悟｣ｫ螻ｱ鬧・阪°繧牙ｾ呈ｭｩ10蛻・蠅・・縺ｮ讓ｹ鮨｢200蟷ｴ繧定ｶ・∴繧九す繝繝ｬ繧ｶ繧ｯ繝ｩ縺梧怏蜷阪よ丼縺ｫ縺ｯ螟壹￥縺ｮ繧ｫ繝｡繝ｩ繝槭Φ縺瑚ｨｪ繧後ｋ蜷肴園縲・譯懊・蟄｣遽莉･螟悶・豈碑ｼ・噪髱吶°縲るｧ占ｻ雁ｴ縺碁剞繧峨ｌ縺ｦ縺・ｋ縺溘ａ豕ｨ諢上′蠢・ｦ√・,,
遖乗ｺ仙ｯｺ,螻ｱ譴ｨ逵悟ｯ悟｣ｫ蜷臥伐蟶ゆｸ句翠逕ｰ2045,蟇悟｣ｫ諤･陦檎ｷ壹御ｸ句翠逕ｰ鬧・阪°繧牙ｾ呈ｭｩ10蛻・豌ｸ莉∝ｹｴ髢難ｼ・290蟷ｴ莉｣・峨↓蜑ｵ蟒ｺ縺輔ｌ縺滓ｭｴ蜿ｲ縺ゅｋ縺雁ｯｺ縲る㍾蜴壹↑螻ｱ髢縺檎音蠕ｴ縺ｧ縲∝ｯ悟｣ｫ螻ｱ繧定レ譎ｯ縺ｫ縺励◆鬚ｨ譎ｯ縺檎ｾ弱＠縺・・菴丞ｮ・慍縺ｫ縺ゅｋ縺溘ａ縲・撕縺九↓蜿よ享縺吶ｋ縺薙→縲・,,
蟶ｸ蝨ｨ蟇ｺ,螻ｱ譴ｨ逵悟ｯ悟｣ｫ蜷臥伐蟶ゆｸ雁翠逕ｰ4-8-12,蟇悟｣ｫ諤･陦檎ｷ壹悟ｯ悟｣ｫ螻ｱ鬧・阪°繧牙ｾ呈ｭｩ15蛻・譌･闢ｮ螳励・逕ｱ邱偵≠繧九♀蟇ｺ縲ょ｢・・縺ｫ縺ｯ螟ｧ縺阪↑驫譚上・譛ｨ縺後≠繧翫∫ｧ九↓縺ｯ鄒弱＠縺剰牡縺･縺上ょ慍蜈・・莠ｺ縲・↓隕ｪ縺励∪繧後※縺・ｋ縲・隕ｳ蜈牙ｯｺ髯｢縺ｧ縺ｯ縺ｪ縺・◆繧√∵悽蝣ょ・縺ｸ縺ｮ遶九■蜈･繧翫↑縺ｩ縺ｯ隕∫｢ｺ隱阪・,,
螯呎ｳ募ｯｺ,螻ｱ譴ｨ逵悟漉驛ｽ逡咎Γ蟇悟｣ｫ豐ｳ蜿｣貉也伴蟆冗ｫ・92,豐ｳ蜿｣貉門捉驕翫ヰ繧ｹ縲悟ｦ呎ｳ募ｯｺ蜈･蜿｣縲堺ｸ玖ｻ・豐ｳ蜿｣貉也部霑代￥縺ｫ縺ゅｋ譌･闢ｮ螳励・縺雁ｯｺ縲ゅ後≠縺倥＆縺・ｯｺ縲阪→縺励※譛牙錐縺ｧ縲・譛・7譛医↓縺ｯ蠅・・縺檎ｴｫ髯ｽ闃ｱ縺ｧ蠖ｩ繧峨ｌ繧九・邏ｫ髯ｽ闃ｱ縺ｮ譎よ悄縺ｯ豺ｷ縺ｿ蜷医≧縲ょ・隗貞ゑｼ亥ｷ晉ｪｪ蟇ｺ螻区聞霍｡・峨ｂ霑代￥縺ｫ縺ゅｋ縲・,,
蜀・壼ｯｺ,螻ｱ譴ｨ逵悟漉驛ｽ逡咎Γ蟇悟｣ｫ豐ｳ蜿｣貉也伴豐ｳ蜿｣137,豐ｳ蜿｣貉門捉驕翫ヰ繧ｹ縲檎諺縺ｾ繧上＠蜉・ｴ譛ｨ縺ｮ闃ｱ鄒手｡馴､ｨ縲榊ｾ呈ｭｩ蝨丞・,豐ｳ蜿｣貉悶・蛹怜ｲｸ縺ｫ縺ゅｋ閾ｨ貂亥ｮ励・縺雁ｯｺ縲らｴ・痩縺ｮ蜷肴園縲後ｂ縺ｿ縺伜屓蟒翫阪・霑代￥縺ｫ菴咲ｽｮ縺励・撕縺九↑菴・∪縺・ｒ隕九○繧九・邏・痩繧ｷ繝ｼ繧ｺ繝ｳ縺ｯ蜻ｨ霎ｺ驕楢ｷｯ縺梧ｿ縺励￥貂区ｻ槭☆繧九◆繧√∝・蜈ｱ莠､騾壽ｩ滄未縺ｮ蛻ｩ逕ｨ縺梧耳螂ｨ縺輔ｌ繧九・,
譛ｬ陦悟ｯｺ,螻ｱ譴ｨ逵悟漉驛ｽ逡咎Γ蟇悟｣ｫ豐ｳ蜿｣貉也伴豐ｳ蜿｣1426,豐ｳ蜿｣貉門捉驕翫ヰ繧ｹ縲梧ｲｳ蜿｣螻蜑阪堺ｸ玖ｻ・逕ｱ邱偵≠繧区律闢ｮ螳励・縺雁ｯｺ縲よｰｴ逶､闊弱ｄ譛ｬ蝣ゅ↑縺ｩ豁ｴ蜿ｲ逧・↑蟒ｺ騾迚ｩ縺悟､壹￥谿九ｋ縲る撕蟇ゅ↑迺ｰ蠅・〒蠢・′關ｽ縺｡逹縺丞ｴ謇縲・荳闊ｬ逧・↑隕ｳ蜈峨Ν繝ｼ繝医°繧峨・蟆代＠螟悶ｌ繧九◆繧√∽ｺ句燕縺ｫ蝨ｰ蝗ｳ繧堤｢ｺ隱阪☆繧九％縺ｨ縲・,,
謇ｿ螟ｩ蟇ｺ,螻ｱ譴ｨ逵悟漉驛ｽ逡咎Γ蠢埼㍽譚大・驥・82,蟇悟｣ｫ諤･陦後ヰ繧ｹ縲悟・驥弱阪ヰ繧ｹ蛛應ｸ玖ｻ翫☆縺・蠢埼㍽蜈ｫ豬ｷ繧ｨ繝ｪ繧｢縺ｫ縺ゅｋ遖・ｯｺ縲ょｯ悟｣ｫ螻ｱ縺ｮ逵ｺ譛帙′邏譎ｴ繧峨＠縺上∵焔蜈･繧後＆繧後◆蠎ｭ蝨偵′鄒弱＠縺・ょｺｧ遖・ｽ馴ｨ薙′陦後ｏ繧後ｋ縺薙→繧ゅ≠繧具ｼ郁ｦ∽ｺ育ｴ・ｼ峨・蠢埼㍽蜈ｫ豬ｷ縺ｮ荳ｭ蠢・慍縺九ｉ縺ｯ蟆代＠髮｢繧後※縺・ｋ・亥ｾ呈ｭｩ蝨丞・・峨りｦｳ蜈牙ｮ｢縺ｮ蝟ｧ鬨偵ｒ髮｢繧後※髱吶°縺ｫ驕弱＃縺帙ｋ縲・,,
譚ｱ蜀・ｯｺ,螻ｱ譴ｨ逵悟漉驛ｽ逡咎Γ蠢埼㍽譚大ｿ崎拷28,蟇悟｣ｫ諤･陦後ヰ繧ｹ縲悟ｿ埼㍽蜈ｫ豬ｷ縲阪ヰ繧ｹ蛛懊°繧牙ｾ呈ｭｩ5蛻・蠢埼㍽蜈ｫ豬ｷ縺ｮ霑代￥縺ｫ縺ゅｋ縺雁ｯｺ縲ょ私髯､縺代〒遏･繧峨ｌ縲∝､ｩ莠慕判縺ｪ縺ｩ縺梧怏蜷阪ょｿ埼㍽蜈ｫ豬ｷ蟾｡繧翫・縺､縺・〒縺ｫ遶九■蟇・ｌ繧九・蠢埼㍽蜈ｫ豬ｷ蜻ｨ霎ｺ縺ｯ隕ｳ蜈牙ｮ｢縺ｧ豺ｷ髮代☆繧九◆繧√√・繝翫・繧貞ｮ医▲縺ｦ蜿よ享縺吶ｋ縺薙→縲・,,
蟇ｿ蠕ｳ蟇ｺ,螻ｱ譴ｨ逵悟漉驛ｽ逡咎Γ螻ｱ荳ｭ貉匁搗蟷ｳ驥・26,蟇悟｣ｫ諤･陦後ヰ繧ｹ縲悟ｹｳ驥弱阪ヰ繧ｹ蛛懊°繧牙ｾ呈ｭｩ蝨丞・,螻ｱ荳ｭ貉悶・譚ｱ蛛ｴ縲∝ｹｳ驥主慍蛹ｺ縺ｫ縺ゅｋ縺雁ｯｺ縲ょ｢・・縺ｫ縺ｯ螟ｧ縺阪↑繧､繝√Ι繧ｦ縺ｮ譛ｨ縺後≠繧翫∫ｧ九・邏・痩縺瑚ｦ倶ｺ九・螻ｱ荳ｭ貉也部縺ｮ繧ｵ繧､繧ｯ繝ｪ繝ｳ繧ｰ繝ｭ繝ｼ繝峨↑縺ｩ縺九ｉ霑代＞縺後・撕縺九↑髮・誠縺ｮ荳ｭ縺ｫ縺ゅｋ縲・,
螳晄ｹ門ｯｺ,螻ｱ譴ｨ逵悟漉驛ｽ逡咎Γ螻ｱ荳ｭ貉匁搗螻ｱ荳ｭ118,蟇悟｣ｫ諤･陦後ヰ繧ｹ縲悟ｱｱ荳ｭ貉匁搗蠖ｹ蝣ｴ蜑阪崎ｿ代￥,螻ｱ荳ｭ貉悶↓霑代＞縺雁ｯｺ縲よｯ主ｹｴ縺ｮ繝ｯ繧ｫ繧ｵ繧ｮ萓幃､翫↑縺ｩ縲∵ｹ悶→蜈ｱ縺ｫ逕溘″繧句慍蝓滉ｿ｡莉ｰ縺ｮ荳ｭ蠢・慍縲・隕ｳ蜈臥噪縺ｪ豢ｾ謇九＆縺ｯ縺ｪ縺・′縲∝慍蝓溘・豁ｴ蜿ｲ繧堤衍繧九↓縺ｯ濶ｯ縺・ｴ謇縲,
